,ticker,name,common_name,sector
0,A,AGILENT TECH,Agilent Technologies Inc,20102010.0
1,AAL.O,AMERICN ARLNS ,American Airlines Group Inc,40501010.0
2,AAP,ADV AUTO PARTS,Advance Auto Parts Inc,40401030.0
3,AAPL.O,APPLE INC,Apple Inc,10102030.0
4,ABBV.K,ABBVIE,Abbvie Inc,20103015.0
5,ABC,AMERISOURCEBER,Amerisourcebergen Corp,45201015.0
6,ABMD.O,ABIOMED INC,ABIOMED Inc,20102010.0
7,ABT,ABBOTT LABS,Abbott Laboratories,20103015.0
8,ACC,AMER CMPS COMM,American Campus Communities Inc,35102040.0
9,ACHC.O,ACADIA HEALTHC,Acadia Healthcare Company Inc,20101025.0
10,ACIW.O,ACI WORLDWIDE,ACI Worldwide Inc,50205015.0
11,ACM,AECOM,AECOM,50101015.0
12,ACN,ACCENTURE PLC,Accenture PLC,50205020.0
13,ADBE.O,ADOBE INC,Adobe Inc,10101015.0
14,ADI.O,ANALOG DEVICES,Analog Devices Inc,10102010.0
15,ADM,ARCHER-DANIELS,Archer-Daniels-Midland Co,45102030.0
16,ADNT.K,ADIENT PLC,Adient PLC,40101025.0
17,ADP.O,AUTOMATIC DATA,Automatic Data Processing Inc,50205020.0
18,ADS,ALLIANCE DATA,Alliance Data Systems Corp,50205015.0
19,ADSK.O,AUTODESK INC,Autodesk Inc,10101015.0
20,AEE,AMEREN CORP,Ameren Corp,65102000.0
21,AEO,AMER EAGLE OUT,American Eagle Outfitters Inc,40401020.0
22,AEP.O,AMRCN ELCTRC O,American Electric Power Company Inc,65101015.0
23,AES,THE AES CORP,AES Corp,65101015.0
24,AFG,AMER FINL GRP,American Financial Group Inc,30302025.0
25,AFL,AFLAC INC,Aflac Inc,30301010.0
26,AGCO.K,AGCO CRP,AGCO Corp,50204010.0
27,AIG,AMER INTL GROU,American International Group Inc,30302010.0
28,AIRC.K,APRTM INC RT O,Apartment Income REIT Corp,35102040.0
29,AIZ,ASSURANT,Assurant Inc,30302025.0
30,AJG,ARTHUR J GALLA,Arthur J Gallagher & Co,30302025.0
31,AKAM.O,AKAMAI TECH IN,Akamai Technologies Inc,10101020.0
32,ALB,ALBEMARLE,Albemarle Corp,55201000.0
33,ALE,ALLETE,ALLETE Inc,65101015.0
34,ALGN.O,ALIGN TECH INC,Align Technology Inc,20102015.0
35,ALK,ALASKA AIR GRO,Alaska Air Group Inc,40501010.0
36,ALL,ALLSTATE CP,Allstate Corp,30302025.0
37,ALLE.K,ALLEGION PLC,Allegion PLC,50202020.0
38,AM,ANTERO MIDSTRE,Antero Midstream Corp,60101035.0
39,AMAT.O,APPLIED MATL,Applied Materials Inc,10102020.0
40,AMCR.K,AMCOR PLC,Amcor PLC,50203030.0
41,AMD.O,ADV MICRO DEVI,Advanced Micro Devices Inc,10102010.0
42,AME,AMETEK,AMETEK Inc,50202025.0
43,AMED.O,AMEDISYS INC,Amedisys Inc,20101025.0
44,AMG,AFFLTED MANAGE,Affiliated Managers Group Inc,30202010.0
45,AMGN.O,AMGEN,Amgen Inc,20103010.0
46,AMKR.O,AMKOR TECH INC,Amkor Technology Inc,10102020.0
47,AMP,AMERIPRISE FIN,Ameriprise Financial Inc,30202000.0
48,AMT,AMER TOWER CP,American Tower Corp,35102025.0
49,AMZN.O,AMAZON COM,Amazon.com Inc,40401010.0
50,AN,AUTONATION INC,AutoNation Inc,40401030.0
51,ANET.K,ARISTA NETWORK,Arista Networks Inc,10101020.0
52,ANSS.O,ANSYS INC,ANSYS Inc,10101015.0
53,ANTM.K,ANTHEM INC,Anthem Inc,20101020.0
54,AON,AON PLC,Aon PLC,30302015.0
55,AOS,A O SMITH,A O Smith Corp,50101025.0
56,APA.O,APA CORPORTN O,APA Corp (US),
57,APD,AIR PRODS & CH,Air Products and Chemicals Inc,55201020.0
58,APH,AMPHENOL A,Amphenol Corp,10102015.0
59,APTV.K,APTIV PLC,Aptiv PLC,40101025.0
60,ARE,ALEXANDRIA RE ,Alexandria Real Estate Equities Inc,35102030.0
61,ARW,ARROW ELECTRON,Arrow Electronics Inc,10102015.0
62,ARWR.O,ARROWHEAD PRMT,Arrowhead Pharmaceuticals Inc,20103010.0
63,ASB,ASSOCIATED BAN,Associated Banc-Corp,30101010.0
64,ASGN.K,ASGN INCORPORA,ASGN Inc,50205025.0
65,ASH,ASHLAND GLB HL,Ashland Global Holdings Inc,55201000.0
66,ASML.O,ASML HOLDING D,ASML Holding NV,10102020.0
67,ATO,ATMOS ENERGY,Atmos Energy Corp,65102020.0
68,ATR,APTARGROUP,Aptargroup Inc,50203030.0
69,ATVI.O,ACTIVISIN BLIZ,Activision Blizzard Inc,40203040.0
70,AVB,AVALONBAY COMM,Avalonbay Communities Inc,35102040.0
71,AVGO.O,BROADCOM INC,Broadcom Inc,10102010.0
72,AVNT.K,AVIENT CORPT O,Avient Corp,55201000.0
73,AVT.O,AVNET INC,Avnet Inc,10102010.0
74,AVY,AVERY DENNISON,Avery Dennison Corp,55101000.0
75,AWK,AMERICN WTR WK,American Water Works Company Inc,65102030.0
76,AXON.O,AXON ENTERPRIS,Axon Enterprise Inc,50201020.0
77,AXP,AMER EXPRESS C,American Express Co,50205015.0
78,AYI,ACUITY BRANDS,Acuity Brands Inc,50101035.0
79,AZO,AUTOZONE INC,Autozone Inc,40401030.0
80,AZPN.O,ASPEN TECHNOLO,Aspen Technology Inc,10101015.0
81,BA,BOEING CO,Boeing Co,50201010.0
82,BAC,BANK OF AMERIC,Bank of America Corp,30101010.0
83,BAX,BAXTER INTL IN,Baxter International Inc,20102010.0
84,BBY,BEST BUY CO IN,Best Buy Co Inc,40401030.0
85,BC,BRUNSWICK CORP,Brunswick Corp,50204030.0
86,BCO,BRINK'S CO,Brinks Co,50205040.0
87,BDC,BELDEN INC,Belden Inc,50202010.0
88,BDX,BECTON DICKINS,Becton Dickinson and Co,20102015.0
89,BEN,FRANKLIN RES,Franklin Resources Inc,30202010.0
90,BFb,BROWN FORMAN B,Brown-Forman Corp,45101015.0
91,BHF.O,BRIGHTHOUSE FN,Brighthouse Financial Inc,30301010.0
92,BIDU.O,BAIDU INC ADS,Baidu Inc,10101020.0
93,BIIB.O,BIOGEN INC,Biogen Inc,20103010.0
94,BIO,BIO-RAD LABS A,Bio Rad Laboratories Inc,20102010.0
95,BJ,BJS WHLS CLB O,BJ's Wholesale Club Holdings Inc,40401010.0
96,BK,BANK NY MELLON,Bank of New York Mellon Corp,30202015.0
97,BKH,BLACK HILLS CO,Black Hills Corp,65102020.0
98,BKNG.O,BOOKING HOLDIN,Booking Holdings Inc,40501015.0
99,BKR,BAKER HUGHE CO,Baker Hughes Co,60101030.0
100,BLD,TOPBUILD CORP,TopBuild Corp,50101035.0
101,BLDR.K,BUILDR FIRST O,Builders FirstSource Inc,50101035.0
102,BLK,BLACKROCK INC,BlackRock Inc,30202010.0
103,BLKB.O,BLACKBAUD,Blackbaud Inc,10101015.0
104,BLL,BALL CORP,Ball Corp,50203030.0
105,BMY,BRISTOL MYERS ,Bristol-Myers Squibb Co,20103015.0
106,BOH,BK OF HAWAII,Bank of Hawaii Corp,30101010.0
107,BR,BROADRIDGE FIN,Broadridge Financial Solutions Inc,30202015.0
108,BRKb,BERKSHRE CL B,Berkshire Hathaway Inc,30302020.0
109,BRKS.O,BROOKS AUTOMAT,Brooks Automation Inc,10102020.0
110,BRO,BROWN & BROWN,Brown & Brown Inc,30302025.0
111,BRX,BRIXMOR PROPER,Brixmor Property Group Inc,35102045.0
112,BSX,BOSTON SCIEN C,Boston Scientific Corp,20102010.0
113,BWA,BORGWARNER,Borgwarner Inc,40101025.0
114,BXP,BOSTON PPTY,Boston Properties Inc,35102030.0
115,BXS,BANCORPSOUTH B,BancorpSouth Bank,30101010.0
116,BYD,BOYD GAMING,Boyd Gaming Corp,40501020.0
117,C,CITIGROUP,Citigroup Inc,
118,CABO.K,CABLE ONE INC,Cable One Inc,15102010.0
119,CACI.K,CACI INTL,CACI International Inc,10101010.0
120,CAG,CONAGRA BRANDS,Conagra Brands Inc,45102020.0
121,CAH,CARDINAL HLTH,Cardinal Health Inc,20103015.0
122,CAR.O,AVIS BUDGET,Avis Budget Group Inc,40201040.0
123,CARR.K,CARRR GLB CR O,Carrier Global Corp,50101025.0
124,CASY.O,CASEYS GENERAL,Caseys General Stores Inc,45201010.0
125,CAT,CATERPILLAR IN,Caterpillar Inc,50204020.0
126,CATY.O,CATHAY GEN BNC,Cathay General Bancorp,30101010.0
127,CB,CHUBB LIMITED,Chubb Ltd,30302025.0
128,CBOE.K,CBOE GLOBAL MK,Cboe Global Markets Inc,30202015.0
129,CBRE.K,CBRE GROUP INC,CBRE Group Inc,35101015.0
130,CBRL.O,CRACKR BAREL O,Cracker Barrel Old Country Store Inc,40501040.0
131,CBSH.O,COMMERCE BANCS,Commerce Bancshares Inc,30101010.0
132,CBT,CABOT CORP,Cabot Corp,55201000.0
133,CC,CHEMOURS COMPA,Chemours Co,55201020.0
134,CCI,CROWN CASTLE,Crown Castle International Corp,35102025.0
135,CCL,CARNIVAL CORP,Carnival Corp,40501015.0
136,CCMP.O,CMC MTRL INC O,CMC Materials Inc,10102010.0
137,CDAY.K,CERIDIAN HCM H,Ceridian HCM Holding Inc,10101015.0
138,CDK.O,CDK GLOBAL INC,CDK Global Inc,10101015.0
139,CDNS.O,CADENCE DESIGN,Cadence Design Systems Inc,10101015.0
140,CDW.O,CDW CORP,CDW Corp,10102030.0
141,CE,CELANESE,Celanese Corp,55201000.0
142,CERN.O,CERNER CORP,Cerner Corp,20101025.0
143,CF,CF INDUSTRIES,CF Industries Holdings Inc,55201015.0
144,CFG,CITIZENS FINAN,Citizens Financial Group Inc,30101010.0
145,CFR,CULLEN FROST,Cullen/Frost Bankers Inc,30101010.0
146,CFX,COLFAX CRP,Colfax Corp,50204000.0
147,CGNX.O,COGNEX CRP,Cognex Corp,50202025.0
148,CHD,CHURCH DWIGHT,Church & Dwight Co Inc,45201030.0
149,CHDN.O,CHURCH DOWNS,Churchill Downs Inc,40501020.0
150,CHE,CHEMED,Chemed Corp,20101025.0
151,CHH,CHOICE HTL (NE,Choice Hotels International Inc,40501025.0
152,CHKP.O,CHECK PT SFTWR,Check Point Software Technologies Ltd,10101015.0
153,CHRW.O,CH ROBINSON WW,CH Robinson Worldwide Inc,50206010.0
154,CHTR.O,CHARTER COMM O,Charter Communications Inc,15102010.0
155,CHX.O,CHMPNX CRPRT O,ChampionX Corp,60101030.0
156,CI,CIGNA CORP,Cigna Corp,20101020.0
157,CIEN.K,CIENA CORPRATI,Ciena Corp,15101010.0
158,CINF.O,CINCINNATI FIN,Cincinnati Financial Corp,30302025.0
159,CIT,CIT GROUP INC,CIT Group Inc,30101010.0
160,CL,COLGATE PALMOL,Colgate-Palmolive Co,45201020.0
161,CLF,CLEVELAND CLIF,Cleveland-Cliffs Inc,55102010.0
162,CLH,CLEAN HARBORS,Clean Harbors Inc,65103035.0
163,CLX,CLOROX CO,Clorox Co,45201030.0
164,CMA,COMERICA INC,Comerica Inc,30101010.0
165,CMC,COMMERCIAL MET,Commercial Metals Co,55102010.0
166,CMCSA.O,COMCAST CORP A,Comcast Corp,15102010.0
167,CME.O,CME GROUP INC ,CME Group Inc,30202015.0
168,CMG,CHIPOTLE MX GR,Chipotle Mexican Grill Inc,40501040.0
169,CMI,CUMMINS INC,Cummins Inc,50204030.0
170,CMP,COMPASS MRLS,Compass Minerals International Inc,55102000.0
171,CMS,CMS ENERGY COR,CMS Energy Corp,65101015.0
172,CNC,CENTENE CORP,Centene Corp,20101020.0
173,CNK,CINEMARK HLDGS,Cinemark Holdings Inc,40301010.0
174,CNO,CNO FNANCIAL G,CNO Financial Group Inc,30301010.0
175,CNP,CENTERPOINT,CenterPoint Energy Inc,65102020.0
176,CNX,CNX RESOURS CO,CNX Resources Corp,60101010.0
177,CNXC.O,CNCNTRX CORP O,Concentrix Corp,10102030.0
178,COF,CAP ONE FINAN,Capital One Financial Corp,50205015.0
179,COG,CABOT OIL GAS,Cabot Oil & Gas Corp,60101010.0
180,COHR.O,COHERENT INC,Coherent Inc,50202040.0
181,COLM.O,COLUMBIA SPTSW,Columbia Sportswear Co,40204020.0
182,CONE.O,CYRUSONE INC,CyrusOne Inc,35102070.0
183,COO,COOPER COS INC,Cooper Companies Inc,20102015.0
184,COP,CONOCOPHILLIPS,ConocoPhillips,60101010.0
185,COR,CORESITE REALT,CoreSite Realty Corp,35102070.0
186,COST.O,COSTCO WHOLESA,Costco Wholesale Corp,40401010.0
187,COTY.K,COTY INC,Coty Inc,40204035.0
188,CPB,CAMPBELL SOUP ,Campbell Soup Co,45102020.0
189,CPRI.K,CAPRI HLDNGS L,Capri Holdings Ltd,40204020.0
190,CPRT.O,COPART INC,Copart Inc,40201070.0
191,CPT,CAMDEN PROPERT,Camden Property Trust,35102040.0
192,CR,CRANE CO,Crane Co,50202020.0
193,CREE.O,CREE INC,Cree Inc,10102010.0
194,CRI,CARTERS INC,Carter's Inc,40204020.0
195,CRL,CHRLS RIVER LA,Charles River Laboratories International Inc,20103010.0
196,CRM,SALESFORCE COM,Salesforce.Com Inc,10101015.0
197,CRNC.O,CERENCE INC,Cerence Inc,10101015.0
198,CROX.O,CROCS,Crocs Inc,40204025.0
199,CRUS.O,CIRRUS LOGIC,Cirrus Logic Inc,10102010.0
200,CSCO.O,CISCO SYSTEMS,Cisco Systems Inc,
201,CSL,CARLISLE COS I,Carlisle Companies Inc,50203000.0
202,CSX.O,CSX CORPORATIO,CSX Corp,50206020.0
203,CTAS.O,CINTAS CORP,Cintas Corp,50205010.0
204,CTLT.K,CATALENT INC,Catalent Inc,20103015.0
205,CTSH.O,COGNIZANT TECH,Cognizant Technology Solutions Corp,10101010.0
206,CTVA.K,CORTEVA INC,Corteva Inc,45102010.0
207,CTXS.O,CITRIX SYSTEMS,Citrix Systems Inc,10101015.0
208,CUZ,COUSINS PROP,Cousins Properties Inc,35102030.0
209,CVLT.O,COMMVAULT SYS,Commvault Systems Inc,10101015.0
210,CVS,CVS HEALTH CRP,CVS Health Corp,45201015.0
211,CVX,CHEVRON,Chevron Corp,60101000.0
212,CW,CURTISS-WRIGHT,Curtiss-Wright Corp,50201020.0
213,CZR.O,CSR ENTRNMNT O,Caesars Entertainment Inc,40501020.0
214,D,DOMINON ENRG I,Dominion Energy Inc,65101015.0
215,DAL,DELTA AIR LIN,Delta Air Lines Inc,40501010.0
216,DAN,DANA INC,Dana Inc,40101025.0
217,DAR,DARLING INGRED,Darling Ingredients Inc,45102020.0
218,DCI,DONALDSON CO I,Donaldson Company Inc,50202020.0
219,DD,DUPONT DE NMOU,Dupont De Nemours Inc,50203000.0
220,DE,DEERE & CO,Deere & Co,50204010.0
221,DECK.K,DCKRS OUTDR CO,Deckers Outdoor Corp,40204025.0
222,DEI,DOUGLAS EMMETT,Douglas Emmett Inc,35102030.0
223,DFS,DISCOVER FINAN,Discover Financial Services,30101010.0
224,DG,DOLLAR GNRL CO,Dollar General Corp,40401010.0
225,DGX,QUEST DIAG,Quest Diagnostics Inc,20102020.0
226,DHI,D.R. HORTON IN,D R Horton Inc,40202010.0
227,DHR,DANAHER,Danaher Corp,20102010.0
228,DIS,WALT DISNEY CO,Walt Disney Co,40301010.0
229,DISCA.O,DISCOVERY INC ,Discovery Inc,40301010.0
230,DISH.O,DISH NETWORK A,DISH Network Corp,15102010.0
231,DKS,DICKS SPORTING,DICK'S Sporting Goods Inc,40401030.0
232,DLR,DIGITAL REALTY,Digital Realty Trust Inc,35102070.0
233,DLTR.O,DOLLAR TREE IN,Dollar Tree Inc,40401010.0
234,DOC,PHYSICNS RLTY ,Physicians Realty Trust,35102010.0
235,DOCU.O,DOCUSIGN INC,DocuSign Inc,10101015.0
236,DOV,DOVER CORP,Dover Corp,50203000.0
237,DOW,DOW INC,Dow Inc,55201000.0
238,DPZ,DOMINOS PIZZA,Domino's Pizza Inc,40501040.0
239,DRE,DUKE REALTY,Duke Realty Corp,35102020.0
240,DRI,DARDEN REST,Darden Restaurants Inc,40501040.0
241,DTE,DTE ENERGY,DTE Energy Co,65101015.0
242,DTM,DT MIDSTREAM O,DT Midstream Inc,
243,DUK,DUKE ENERGY,Duke Energy Corp,65102000.0
244,DVA,DAVITA INC,DaVita Inc,20101010.0
245,DVN,DEVON ENERG,Devon Energy Corp,60101010.0
246,DXC,DXC TECHNLGY C,DXC Technology Co,10101010.0
247,DXCM.O,DEXCOM,Dexcom Inc,20102010.0
248,DY,DYCOM INDS,Dycom Industries Inc,50101015.0
249,EA.O,ELECTRONIC ART,Electronic Arts Inc,40203040.0
250,EBAY.O,EBAY INC,eBay Inc,40201070.0
251,EBS,EMERGENT BIOSO,Emergent BioSolutions Inc,20103010.0
252,ECL,ECOLAB INC,Ecolab Inc,55201000.0
253,ED,CONSOL EDISON,Consolidated Edison Inc,65101015.0
254,EFX,EQUIFAX INC,Equifax Inc,50205020.0
255,EGP,EASTGRP PROP,Eastgroup Properties Inc,35102020.0
256,EHC,ENCMPS HLTH CR,Encompass Health Corp,20101010.0
257,EIX,EDISON INTL,Edison International,65101015.0
258,EL,ESTEE LAUDER,Estee Lauder Companies Inc,40204035.0
259,ELY,CALLAWAY GOLF,Callaway Golf Co,40203050.0
260,EME,EMCOR GROUP,EMCOR Group Inc,50101010.0
261,EMN,EASTMAN CHEM,Eastman Chemical Co,55201000.0
262,EMR,EMERSON ELECTR,Emerson Electric Co,50202040.0
263,ENPH.O,ENPHASE ENRGY,Enphase Energy Inc,60102020.0
264,ENR,ENERGIZR HLDG,Energizer Holdings Inc,45201030.0
265,ENS,ENERSYS,EnerSys,50202010.0
266,ENV,ENVESTNET INC,Envestnet Inc,10101020.0
267,EOG,EOG RESOURCES,EOG Resources Inc,60101010.0
268,EPR,EPR PROPERTIES,EPR Properties,35102000.0
269,EQIX.O,EQUINIX INC,Equinix Inc,35102070.0
270,EQR,EQ RESIDENT,Equity Residential,35102040.0
271,EQT,EQT CORPORATIO,EQT Corp,60101010.0
272,ES,EVERSOURCE ENR,Eversource Energy,65101015.0
273,ESNT.K,ESSENT GROUP L,Essent Group Ltd,30302025.0
274,ESS,ESSEX PROP TR,Essex Property Trust Inc,35102040.0
275,ETN,EATON CORP,Eaton Corporation PLC,50203000.0
276,ETR,ENTERGY CP,Entergy Corp,65101015.0
277,ETRN.K,ETRNS MDSTRM C,Equitrans Midstream Corp,60101035.0
278,ETSY.O,ETSY INC,ETSY Inc,40401010.0
279,EVR,EVERCORE INC,Evercore Inc,30202010.0
280,EVRG.K,EVERGY INC,Evergy Inc,65101015.0
281,EW,EDWARDS LIFE,Edwards Lifesciences Corp,20102015.0
282,EWBC.O,EAST WEST BANC,East West Bancorp Inc,30101010.0
283,EXC.O,EXELON CORPRTN,Exelon Corp,65101015.0
284,EXEL.O,EXELIXIS INC,Exelixis Inc,20103010.0
285,EXP,EAGLE MATERIAL,Eagle Materials Inc,50101030.0
286,EXPD.O,EXPEDITORS,Expeditors International of Washington Inc,50206060.0
287,EXPE.O,EXPEDI GROUP I,Expedia Group Inc,40501015.0
288,EXR,EXTRA SPACE ST,Extra Space Storage Inc,35102070.0
289,F,FORD MOTOR CO,Ford Motor Co,40101020.0
290,FAF,FIRST AMERICAN,First American Financial Corp,30302025.0
291,FANG.O,DIAMOND BAK EN,Diamondback Energy Inc,60101010.0
292,FAST.O,FASTENAL CO,Fastenal Co,55102015.0
293,FB.O,FACEBOOK INC A,Facebook Inc,10101020.0
294,FBHS.K,FORTUNE BR HO ,Fortune Brands Home & Security Inc,40202015.0
295,FCFS.O,FIRSTCASH INC,FirstCash Inc,30201020.0
296,FCN,FTI CONSULTING,FTI Consulting Inc,50205020.0
297,FCX,FREEPORTMCMORA,Freeport-McMoRan Inc,55102040.0
298,FDS,FACTSET RESRCH,Factset Research Systems Inc,30201030.0
299,FDX,FEDEX CORP,FedEx Corp,50206040.0
300,FE,FIRSTENERGY,FirstEnergy Corp,65101015.0
301,FFIN.O,FST FIN BNKSHS,First Financial Bankshares Inc,30101010.0
302,FFIV.O,F5 NETWORKS IN,F5 Networks Inc,10101010.0
303,FHI,FEDRTD HRM B O,Federated Hermes Inc,30202010.0
304,FHN,FRST HRZ CRP O,First Horizon Corp,30101010.0
305,FICO.K,FAIR ISAAC CRP,Fair Isaac Corp,50205020.0
306,FIS,FIDELITY NATL ,Fidelity National Information Services Inc,50205015.0
307,FISV.O,FISERV INC,Fiserv Inc,50205015.0
308,FITB.O,FIFTH THR BNCP,Fifth Third Bancorp,30101010.0
309,FIVE.O,FIVE BELOW INC,Five Below Inc,40401030.0
310,FL,FOOT LOCKER IN,Foot Locker Inc,40401020.0
311,FLO,FLOWERS FOODS,Flowers Foods Inc,45102020.0
312,FLR,FLUOR CORP,Fluor Corp,50101015.0
313,FLS,FLOWSERVE CP,Flowserve Corp,50202020.0
314,FLT,FLEETCOR TECHN,Fleetcor Technologies Inc,50205015.0
315,FMC,FMC CORP,FMC Corp,55201015.0
316,FNB,FNB CORPORATIO,FNB Corp,30101010.0
317,FOXA.O,FOX CORP A,Fox Corp,40301035.0
318,FOXF.O,FOX FCTRY HLG,Fox Factory Holding Corp,40203050.0
319,FR,FIRST INDUSTRI,First Industrial Realty Trust Inc,35102020.0
320,FRC,FRST REPBLIC B,First Republic Bank,30101010.0
321,FRT,FED RLTY INV T,Federal Realty Investment Trust,35102045.0
322,FSLR.O,FIRST SOLAR,First Solar Inc,60102020.0
323,FTNT.O,FORTINET,Fortinet Inc,10101015.0
324,FTV,FORTIVE CORPOR,Fortive Corp,50203000.0
325,FULT.O,FULTON FIN CP,Fulton Financial Corp,30101010.0
326,G,GENPACT LIMITE,Genpact Ltd,50205020.0
327,GATX.K,GATX CORPORATI,GATX Corp,50206050.0
328,GBCI.O,GLACIER BANCOR,Glacier Bancorp Inc,30101010.0
329,GD,GENERAL DYNAMI,General Dynamics Corp,50201020.0
330,GE,GENERAL ELEC C,General Electric Co,50203000.0
331,GEF,GREIF INC CL A,Greif Inc,50203030.0
332,GGG,GRACO,Graco Inc,50204050.0
333,GHC,GRAHAM HOLDGS,Graham Holdings Co,40201010.0
334,GILD.O,GILEAD SCI,Gilead Sciences Inc,20103015.0
335,GIS,GENERAL MILLS,General Mills Inc,45102020.0
336,GL,GLOBE LIFE INC,Globe Life Inc,30301010.0
337,GLW,CORNING INC,Corning Inc,10102015.0
338,GM,GENERAL MOTORS,General Motors Co,40101020.0
339,GMED.K,GLOBUS MEDICAL,Globus Medical Inc,20102010.0
340,GNRC.K,GENERAC HLD,Generac Holdings Inc,50204030.0
341,GNTX.O,GENTEX CORP,Gentex Corp,40101025.0
342,GO.O,GROCERY OUTL C,Grocery Outlet Holding Corp,45201010.0
343,GOOGL.O,ALPHABET INC A,Alphabet Inc,10101020.0
344,GPC,GENUINE PARTS ,Genuine Parts Co,40101025.0
345,GPN,GLOBL PAYMNTS,Global Payments Inc,50205015.0
346,GPS,GAP INC,Gap Inc,40401020.0
347,GRMN.O,GARMIN LTD,Garmin Ltd,40203010.0
348,GS,GOLDM SACHS GR,Goldman Sachs Group Inc,
349,GT.O,GODYR TIRE & R,Goodyear Tire & Rubber Co,40101015.0
350,GWW,W W GRAINGER I,W W Grainger Inc,50205010.0
351,HAE,HAEMONETICS,Haemonetics Corp,20102010.0
352,HAIN.O,HAIN CELESTIAL,Hain Celestial Group Inc,45102020.0
353,HAL,HALLIBURTON CO,Halliburton Co,60101030.0
354,HALO.O,HALOZYME THERA,Halozyme Therapeutics Inc,20103010.0
355,HAS.O,HASBRO INC,Hasbro Inc,40203045.0
356,HBAN.O,HUNTGTN BKSHR,Huntington Bancshares Inc,30101010.0
357,HBI,HANESBRANDS,HanesBrands Inc,40204020.0
358,HCA,HCA HEALTHCARE,HCA Healthcare Inc,20101010.0
359,HCSG.O,HEALTHCARE SVC,Healthcare Services Group Inc,20101025.0
360,HD,HOME DEPOT INC,Home Depot Inc,40401025.0
361,HE,HAWAIIAN ELECT,Hawaiian Electric Industries Inc,65101015.0
362,HELE.O,HELEN OF TROY,Helen of Troy Ltd,45201020.0
363,HES,HESS CORP,Hess Corp,60101015.0
364,HFC,HOLLYFRONTR CO,HollyFrontier Corp,60101020.0
365,HIG,HARTFORD FINL,Hartford Financial Services Group Inc,30302010.0
366,HII,HUNTINGTN INGA,Huntington Ingalls Industries Inc,50201020.0
367,HIW,HIGHWOODS PROP,Highwoods Properties Inc,35102030.0
368,HLT,HILTON WLDWD H,Hilton Worldwide Holdings Inc,40501025.0
369,HOG,HARLEY-DAVIDSO,Harley-Davidson Inc,40101020.0
370,HOLX.O,HOLOGIC INC,Hologic Inc,20102010.0
371,HOMB.O,HOME BANCSHARE,Home BancShares Inc,30101010.0
372,HON.O,HNYWL INTRTL O,Honeywell International Inc,50203000.0
373,HPE,HWLTT PCKRD EN,Hewlett Packard Enterprise Co,10101010.0
374,HPP,HUDSON PACIFIC,Hudson Pacific Properties Inc,35102030.0
375,HPQ,HP INC,HP Inc,10102030.0
376,HQY.O,HEALTHEQUITY I,Healthequity Inc,20101020.0
377,HR,HEALTHCARE REA,Healthcare Realty Trust Inc,35102010.0
378,HRB,H & R BLOCK IN,H & R Block Inc,40201070.0
379,HRC,HILL-ROM HOLDN,Hill-Rom Holdings Inc,20102010.0
380,HRL,HORMEL FOODS,Hormel Foods Corp,45102020.0
381,HSIC.O,HENRY SCHEIN,Henry Schein Inc,20102015.0
382,HST.O,HST HTL&RSRT O,Host Hotels & Resorts Inc,35102015.0
383,HSY,HERSHEY CO,Hershey Co,45102020.0
384,HUBB.K,HUBBELL INCRPR,Hubbell Inc,50202010.0
385,HUM,HUMANA INC,Humana Inc,20101020.0
386,HWC.O,HNCOCK WHTNY C,Hancock Whitney Corp,30101010.0
387,HWM,HOWMET ARSPC O,Howmet Aerospace Inc,50201010.0
388,HXL,HEXCEL CORP,Hexcel Corp,55101000.0
389,IAA,IAA INC,IAA Inc,40201070.0
390,IART.O,INTEGRA LIFESC,Integra Lifesciences Holdings Corp,20102010.0
391,IBKR.O,Intractiv Brkr,Interactive Brokers Group Inc,30202015.0
392,IBM,INTL BUS MACHI,International Business Machines Corp,10101010.0
393,IBOC.O,INTL BANCSHARE,International Bancshares Corp,30101010.0
394,ICE,INTRCTNTL EXCH,Intercontinental Exchange Inc,30202015.0
395,ICUI.O,ICU MEDICAL IN,ICU Medical Inc,20102015.0
396,IDA,IDACORP INC,Idacorp Inc,65101015.0
397,IDXX.O,IDEXX LABS,IDEXX Laboratories Inc,20102010.0
398,IEX,IDEX,IDEX Corp,50202020.0
399,IFF,INTL FLAV & FR,International Flavors & Fragrances Inc,55201020.0
400,IIVI.O,II-VI INC,II-VI Inc,10102020.0
401,ILMN.O,ILLUMINA INC,Illumina Inc,20103010.0
402,INCY.O,INCYTE CORP,Incyte Corp,20103010.0
403,INFO.K,IHS MARKIT LTD,IHS Markit Ltd,30202000.0
404,INGR.K,INGREDION INCO,Ingredion Inc,45102030.0
405,INT,WORLD FUEL SVC,World Fuel Services Corp,60101020.0
406,INTC.O,INTEL CORP,Intel Corp,10102010.0
407,INTU.O,INTUIT INC,Intuit Inc,10101015.0
408,IP,INTNL PAPER CO,International Paper Co,55101015.0
409,IPG,INTERPBLIC GRP,Interpublic Group of Companies Inc,40301020.0
410,IPGP.O,IPG PHOTONICS,IPG Photonics Corp,10102020.0
411,IQV,IQVIA HOLDINGS,IQVIA Holdings Inc,20101025.0
412,IR,INGERSOL RND O,Ingersoll Rand Inc,50204000.0
413,IRDM.O,IRIDIUM COMM I,Iridium Communications Inc,15102015.0
414,IRM,IRON MOUNTAIN,Iron Mountain Inc,35102070.0
415,ISRG.O,INTUITIVE SURG,Intuitive Surgical Inc,20102010.0
416,IT,GARTNER,Gartner Inc,10101010.0
417,ITT,ITT INC ORD,ITT Inc,50203000.0
418,ITW,ILLINOIS TOOL ,Illinois Tool Works Inc,50203000.0
419,IVZ,INVESCO LTD,Invesco Ltd,30202010.0
420,J,JACOB ENGNRG O,Jacobs Engineering Group Inc,50101015.0
421,JACK.O,JACK IN THE BO,Jack in the Box Inc,40501040.0
422,JAZZ.O,JAZZ PHARMA PL,Jazz Pharmaceuticals PLC,20103015.0
423,JBGS.K,JBG SMITH PROP,JBG SMITH Properties,35102030.0
424,JBHT.O,J.B. HUNT TRAN,J B Hunt Transport Services Inc,50206010.0
425,JBL,JABIL INC ORD,Jabil Inc,10102015.0
426,JBLU.O,JETBLUE AIRWAY,JetBlue Airways Corp,40501010.0
427,JCI,JOHNSN CNTRL I,Johnson Controls International PLC,50202020.0
428,JCOM.O,J2 GLOBAL INC,j2 Global Inc,10101020.0
429,JD.O,JD.COM INC ADR,JD.Com Inc,40401010.0
430,JEF,JEFFERES FINAN,Jefferies Financial Group Inc,30202000.0
431,JHG,JANUS HNDRSN G,Janus Henderson Group PLC,30202010.0
432,JKHY.O,JACK HENRY ASO,Jack Henry & Associates Inc,50205015.0
433,JLL,JONES LANG LAS,Jones Lang LaSalle Inc,35101015.0
434,JNJ,JOHNSON JOHNSO,Johnson & Johnson,20103015.0
435,JNPR.K,JUNIPER NETWRK,Juniper Networks Inc,15101010.0
436,JPM,JPMORGAN CHASE,JPMorgan Chase & Co,30101010.0
437,JWa,JOHN WILEY A,John Wiley & Sons Inc,40301030.0
438,JWN,NORDSTROM INC,Nordstrom Inc,40401020.0
439,K,KELLOGG CO,Kellogg Co,45102020.0
440,KAR,KAR AUCTION SE,KAR Auction Services Inc,40201070.0
441,KBH,KB HOME,KB Home,40202010.0
442,KBR,KBR INC,KBR Inc,50101015.0
443,KDP.O,KRIG DR PPPR O,Keurig Dr Pepper Inc,45101020.0
444,KEX,KIRBY CORP,Kirby Corp,50206030.0
445,KEY,KEYCORP NEW,KeyCorp,30101010.0
446,KEYS.K,KEYSIGHT TCH I,Keysight Technologies Inc,50202025.0
447,KHC.O,THE KRFT HNZ C,Kraft Heinz Co,45102020.0
448,KIM,KIMCO REALTY C,Kimco Realty Corp,35102045.0
449,KLAC.O,KLA CORP,KLA Corp,10102020.0
450,KMB,KIMBERLY-CLARK,Kimberly-Clark Corp,45201020.0
451,KMI,KINDER MORGAN,Kinder Morgan Inc,60101035.0
452,KMPR.K,KEMPER CORPORA,Kemper Corp,30302010.0
453,KMT,KENNAMETAL INC,Kennametal Inc,50204000.0
454,KMX,CARMAX INC,Carmax Inc,40401030.0
455,KNSL.O,KINSALE CAPITA,Kinsale Capital Group Inc,30302025.0
456,KNX,KNGHT SWFT TRN,Knight-Swift Transportation Holdings Inc,50206010.0
457,KO,COCA-COLA CO,Coca-Cola Co,45101020.0
458,KR,KROGER CO,Kroger Co,45201010.0
459,KRC,KILROY REALTY,Kilroy Realty Corp,35102030.0
460,KSS,KOHL'S CRP,Kohls Corp,40401020.0
461,KSU,KANSAS CITY SO,Kansas City Southern,50206020.0
462,L,LOEWS CORP,Loews Corp,30302025.0
463,LAD,LITHIA MOTORS,Lithia Motors Inc,40401030.0
464,LAMR.O,LAMAR ADVERT O,Lamar Advertising Co,35102070.0
465,LANC.O,LANCASTER CLNY,Lancaster Colony Corp,45102020.0
466,LB,L BRANDS INC,L Brands Inc,40401020.0
467,LDOS.K,LEIDOS HLDGS I,Leidos Holdings Inc,10101010.0
468,LEA,LEAR CORP,Lear Corp,40101025.0
469,LECO.O,LINCOLN ELEC,Lincoln Electric Holdings Inc,50204040.0
470,LEG,LEGGETT& PLATT,Leggett & Platt Inc,40202015.0
471,LEN,LENNAR CP CL A,Lennar Corp,40202010.0
472,LFUS.O,LITTELFUSE,Littelfuse Inc,50202010.0
473,LGND.O,LIGAND PHARMA,Ligand Pharmaceuticals Inc,20103010.0
474,LH,LAB CRP OF AME,Laboratory Corporation of America Holdings,20102020.0
475,LHCG.O,LHC GROUP,LHC Group Inc,20101025.0
476,LHX,L3HARRIS TCH I,L3harris Technologies Inc,15101010.0
477,LII,LENNOX INTL IN,Lennox International Inc,50101025.0
478,LIN,LINDE PLC,Linde PLC,55201000.0
479,LITE.O,LUMENTUM HOLDN,Lumentum Holdings Inc,15101010.0
480,LIVN.O,LIVANOVA PLC,LivaNova PLC,20102010.0
481,LKQ.O,LKQ CORP,LKQ Corp,40101025.0
482,LLY,ELI LILLY,Eli Lilly and Co,20103015.0
483,LMT,LOCKHEED MARTI,Lockheed Martin Corp,50201020.0
484,LNC,LINCOLN NATL,Lincoln National Corp,30301010.0
485,LNT.O,ALLIANT ENERGY,Alliant Energy Corp,65101015.0
486,LOPE.O,GRAND CANYON E,Grand Canyon Education Inc,40201010.0
487,LOW,LOWES COMPANIE,Lowe's Companies Inc,40401025.0
488,LPX,LOUISIANA PACI,Louisiana-Pacific Corp,50101035.0
489,LRCX.O,LAM RESEARCH,Lam Research Corp,10102020.0
490,LSCC.O,LATTICE SEMIC,Lattice Semiconductor Corp,10102010.0
491,LSI,LIFE STORAGE I,Life Storage Inc,35102050.0
492,LSTR.O,LANDSTAR SYS,Landstar System Inc,50206010.0
493,LULU.O,LULULEMON ATHL,Lululemon Athletica Inc,40204020.0
494,LUMN.K,LUMEN TCHNLG O,Lumen Technologies Inc,15102015.0
495,LUV,SW AIRLINES,Southwest Airlines Co,40501010.0
496,LVS,LAS VEGAS SAND,Las Vegas Sands Corp,40501020.0
497,LW,LAMB WESTON HL,Lamb Weston Holdings Inc,45102020.0
498,LYB,LYONDELLBASEL ,LyondellBasell Industries NV,55201020.0
499,LYV,LIVE NATION EN,Live Nation Entertainment Inc,40501030.0
500,MA,MASTERCARD I O,Mastercard Inc,50205015.0
501,MAA,MID AM APT COM,Mid-America Apartment Communities Inc,35102040.0
502,MAC,MACERICH,Macerich Co,35102045.0
503,MAN,MANPOWER GROUP,ManpowerGroup Inc,50205025.0
504,MANH.O,MANHATTAN ASSO,Manhattan Associates Inc,10101015.0
505,MAR.O,MARRIOTT INTER,Marriott International Inc,40501025.0
506,MAS,MASCO CORP,Masco Corp,50101035.0
507,MASI.O,MASIMO CORP,Masimo Corp,20102010.0
508,MAT.O,MATTEL INC,Mattel Inc,40203045.0
509,MCD,MCDONALD'S COR,Mcdonald's Corp,40501040.0
510,MCHP.O,MICROCHIP TECH,Microchip Technology Inc,10102010.0
511,MCK,MCKESSON CRP,Mckesson Corp,45201015.0
512,MCO,MOODY'S,Moody's Corp,30201030.0
513,MCY,MERCURY GENERL,Mercury General Corp,30302025.0
514,MDLZ.O,MONDELEZ INT C,Mondelez International Inc,45102020.0
515,MDT,MEDTRONIC PLC,Medtronic PLC,20102010.0
516,MDU,MDU RESOURCES,MDU Resources Group Inc,50101035.0
517,MEDP.O,MEDPACE HOLDIN,Medpace Holdings Inc,20103010.0
518,MELI.O,MERCADOLIBRE,Mercadolibre Inc,40201070.0
519,MET,METLIFE INC,MetLife Inc,30301010.0
520,MGM,MGM RESORTS IN,MGM Resorts International,40501020.0
521,MHK,MOHAWK INDS,Mohawk Industries Inc,40202015.0
522,MIDD.O,THE MIDDLEBY,Middleby Corp,50204000.0
523,MKC,MCCORMICK & CO,McCormick & Company Inc,45102020.0
524,MKSI.O,MKS INSTRUMENT,MKS Instruments Inc,50202020.0
525,MKTX.O,MARKETAXESS,Marketaxess Holdings Inc,30202015.0
526,MLHR.O,HERMAN MILLER,Herman Miller Inc,40202015.0
527,MLM,M MARIETTA,Martin Marietta Materials Inc,50101035.0
528,MMC,MARSH & MCLENN,Marsh & McLennan Companies Inc,30302015.0
529,MMM,3M COMPANY,3M Co,50203000.0
530,MMS,MAXIMUS,Maximus Inc,50205020.0
531,MNST.O,MONSTER BEV CO,Monster Beverage Corp,45101020.0
532,MO,ALTRIA GROUP,Altria Group Inc,45103010.0
533,MOH,MOLINA HLTHCAR,Molina Healthcare Inc,20101020.0
534,MOS,MOSAIC COMPANY,Mosaic Co,55201015.0
535,MPC,MARTHN PETRO,Marathon Petroleum Corp,60101020.0
536,MPW,MEDICAL PRPS T,Medical Properties Trust Inc,35102010.0
537,MPWR.O,MONOLITHIC POW,Monolithic Power Systems Inc,10102010.0
538,MRCY.O,MERCURY SYSTEM,Mercury Systems Inc,50201020.0
539,MRK,MERCK & CO,Merck & Co Inc,20103015.0
540,MRNA.O,MODERNA INC,Moderna Inc,20103010.0
541,MRO,MARATHON OIL,Marathon Oil Corp,60101010.0
542,MRVL.O,MRVL TCHNLGY O,Marvell Technology Inc,
543,MS,MORGAN STANLEY,Morgan Stanley,30202015.0
544,MSA,MSA SAFETY INC,MSA Safety Inc,50202020.0
545,MSCI.K,MSCI,MSCI Inc,30201030.0
546,MSFT.O,MICROSOFT CP,Microsoft Corp,10101015.0
547,MSI,MOTOROLA SOL,Motorola Solutions Inc,15101010.0
548,MSM,MSC INDUSTRIAL,MSC Industrial Direct Co Inc,50205010.0
549,MTB,M&T BANK CRP,M&T Bank Corp,30101010.0
550,MTCH.O,MTCH GRP INC O,Match Group Inc,10101020.0
551,MTD,METTLER-TOLEDO,Mettler-Toledo International Inc,50202025.0
552,MTG,MGIC INV CP,MGIC Investment Corp,30201025.0
553,MTX,MINERALS TECH,Minerals Technologies Inc,55101000.0
554,MTZ,MASTEC INC,MasTec Inc,50101015.0
555,MU.O,MICRON TECH,Micron Technology Inc,10102010.0
556,MUR,MURPHY OIL COR,Murphy Oil Corp,60101010.0
557,MUSA.K,MURPHY USA INC,Murphy Usa Inc,40401030.0
558,MXIM.O,MAXIM INTEGRAT,Maxim Integrated Products Inc,10102010.0
559,NATI.O,NATL INSTRUMEN,National Instruments Corp,10101010.0
560,NAVI.O,NAVIENT CORP,Navient Corp,30201020.0
561,NBIX.O,NEUROCRINE BIO,Neurocrine Biosciences Inc,20103010.0
562,NCLH.K,NORWGN CRUS LI,Norwegian Cruise Line Holdings Ltd,40501015.0
563,NCR,NCR CORPORATIO,NCR Corp,10101010.0
564,NDAQ.O,NASDAQ INC,Nasdaq Inc,30202015.0
565,NDSN.O,NORDSON CP,Nordson Corp,50204000.0
566,NEE,NEXTERA ENERGY,Nextera Energy Inc,65101015.0
567,NEM,NEWMONT CORP O,Newmont Corporation,55103025.0
568,NEOG.O,NEOGEN CORP,Neogen Corp,20102015.0
569,NEU,NEWMARKET,NewMarket Corp,55201020.0
570,NFG,NATL FUEL GAS ,National Fuel Gas Co,65102020.0
571,NFLX.O,NETFLIX INC,Netflix Inc,40301010.0
572,NGVT.K,INGEVITY CORP,Ingevity Corp,55201000.0
573,NI,NISOURCE INC,NiSource Inc,65102020.0
574,NJR,NJ RESOURCES,New Jersey Resources Corp,65102020.0
575,NKE,NIKE INC CL B,Nike Inc,40204025.0
576,NKTR.O,NEKTAR THERAP,Nektar Therapeutics,20103010.0
577,NLOK.O,NORTONLIFELOCK,NortonLifeLock Inc,10101015.0
578,NLSN.K,NIELSEN HOLDIN,Nielsen Holdings PLC,40301020.0
579,NNN,NATIONAL RET P,National Retail Properties Inc,35102045.0
580,NOC,NORTHROP GRUMM,Northrop Grumman Corp,50201020.0
581,NOV,NOV INC ORD,Nov Inc,60101030.0
582,NOW,SERVICENOW INC,ServiceNow Inc,10101020.0
583,NRG,NRG ENERGY,NRG Energy Inc,65101015.0
584,NSA,NATIONAL STORA,National Storage Affiliates Trust,35102050.0
585,NSC,NORFOLK SOUTHE,Norfolk Southern Corp,50206020.0
586,NSP,INSPERITY,Insperity Inc,50205025.0
587,NTAP.O,NETAPP INC,NetApp Inc,10102030.0
588,NTCT.O,NETSCOUT SYS,Netscout Systems Inc,10101010.0
589,NTES.O,NETEASE INC AD,NetEase Inc,40203040.0
590,NTRS.O,NORTHERN TRUST,Northern Trust Corp,30202010.0
591,NUE,NUCOR,Nucor Corp,55102010.0
592,NUS,NU SKIN ENTER,NU Skin Enterprises Inc,45201020.0
593,NUVA.O,NUVASIVE,NuVasive Inc,20102010.0
594,NVDA.O,NVIDIA CORP,NVIDIA Corp,10102010.0
595,NVR,NVR INC,NVR Inc,40202010.0
596,NVST.K,ENVISTA HOLDIN,Envista Holdings Corp,20102015.0
597,NVT,NVENT ELECTRIC,nVent Electric PLC,50202010.0
598,NWE.O,NRTHWSTR CRP O,NorthWestern Corp,65101015.0
599,NWL.O,NEWELL BRAND I,Newell Brands Inc,40202025.0
600,NWSA.O,NEWS CORP CL A,News Corp,40301030.0
601,NXPI.O,NXP SEMICOND N,NXP Semiconductors NV,10102010.0
602,NYCB.K,NY COMM BANCOR,New York Community Bancorp Inc,30101010.0
603,NYT,NY TIMES,New York Times Co,40301030.0
604,O,REALTY INCM CO,Realty Income Corp,35102045.0
605,OC,OWENS CORNING,Owens Corning,50101035.0
606,ODFL.O,OLD DOMINION,Old Dominion Freight Line Inc,50206010.0
607,OFC,CORP OFFICE PR,Corporate Office Properties Trust,35102030.0
608,OGE,OGE ENERGY,OGE Energy Corp,65101015.0
609,OGN,ORGANON & CO O,Organon & Co,
610,OGS,ONE GAS INC,ONE Gas Inc,65102020.0
611,OHI,OMEGA HEALTHCR,Omega Healthcare Investors Inc,35102010.0
612,OKE,ONEOK INC,ONEOK Inc,60101035.0
613,OKTA.O,OKTA INC,Okta Inc,10101010.0
614,OLED.O,UNIVERSAL DISP,Universal Display Corp,10102015.0
615,OLLI.O,OLLIE'S BARGAI,Ollie's Bargain Outlet Holdings Inc,40401010.0
616,OLN,OLIN CORP,Olin Corp,55201000.0
617,OMC,OMNICOM GP INC,Omnicom Group Inc,40301020.0
618,ORCL.K,ORACLE CORP,Oracle Corp,10101015.0
619,ORI,OLD REPUBLIC,Old Republic International Corp,30302025.0
620,ORLY.O,O REILLY AUTO,O'Reilly Automotive Inc,40401030.0
621,OSK,OSHKOSH CORP,Oshkosh Corp,50206015.0
622,OTIS.K,OTIS WORLDWD O,Otis Worldwide Corp,50204000.0
623,OXY,OCCIDENTAL PET,Occidental Petroleum Corp,60101010.0
624,OZK.O,BANK OZK,Bank Ozk,30101010.0
625,PACW.O,PACWEST BANCOR,PacWest Bancorp,30101010.0
626,PAYC.K,PAYCOM SOFTWAR,Paycom Software Inc,10101015.0
627,PAYX.O,PAYCHEX INC,Paychex Inc,50205020.0
628,PB,PRSPRTY BNCSHR,Prosperity Bancshares Inc,30101010.0
629,PBCT.O,PEOPLE UNTD FI,People's United Financial Inc,30101010.0
630,PCAR.O,PACCAR INC,Paccar Inc,50206015.0
631,PCH.O,POTLATCHDLTC C,Potlatchdeltic Corp,35102060.0
632,PCTY.O,PAYLOCITY HOLD,Paylocity Holding Corp,50205020.0
633,PDCO.O,PATTERSON COS,Patterson Companies Inc,20102015.0
634,PDD.O,PINDUODUO INC,Pinduoduo Inc,40201070.0
635,PEAK.K,HEALTHPK PROPR,Healthpeak Properties Inc,35102010.0
636,PEB,PEBLEBROOK HOT,Pebblebrook Hotel Trust,35102015.0
637,PEG,PUBL SVC ENTER,Public Service Enterprise Group Inc,65101015.0
638,PEN,PENUMBRA INC,Penumbra Inc,20102010.0
639,PENN.O,PENN NATL GAM,Penn National Gaming Inc,40501020.0
640,PEP.O,PEPSICO INC,PepsiCo Inc,45101020.0
641,PFE,PFIZER INC,Pfizer Inc,20103015.0
642,PFG.O,PRINCIPAL FNAN,Principal Financial Group Inc,30301010.0
643,PG,PROCTER & GAMB,Procter & Gamble Co,45201020.0
644,PGNY.O,PROGYNY INC,Progyny Inc,20101020.0
645,PGR,THE PROGRESSIV,Progressive Corp,30302025.0
646,PH,PARKER-HANNIFI,Parker-Hannifin Corp,50203000.0
647,PHM,PULTEGROUP INC,Pultegroup Inc,40202010.0
648,PII,POLARIS INC,Polaris Inc,40203055.0
649,PK,PARK HOTEL RSR,Park Hotels & Resorts Inc,35102015.0
650,PKG,PACKAGING AMER,Packaging Corp of America,50203030.0
651,PKI,PERKINELMER,PerkinElmer Inc,20102010.0
652,PLD,PROLOGIS,Prologis Inc,35102020.0
653,PM,PHILIP MORRIS,Philip Morris International Inc,45103010.0
654,PNC,PNC FINL SVC,PNC Financial Services Group Inc,30101010.0
655,PNFP.O,PINNACLE FINL,Pinnacle Financial Partners Inc,30101010.0
656,PNM,PNM RESOURCES,PNM Resources Inc,65101015.0
657,PNR,PENTAIR PLC,Pentair PLC,50202030.0
658,PNW,PINNACL WEST C,Pinnacle West Capital Corp,65101015.0
659,POOL.O,POOL CORP,Pool Corp,40203050.0
660,POST.K,POST HOLDING,Post Holdings Inc,45102020.0
661,PPC.O,PILGRIMS PRIDE,Pilgrims Pride Corp,45102010.0
662,PPG,PPG IND,PPG Industries Inc,50203010.0
663,PPL,PPL CORP,PPL Corp,65101015.0
664,PRG,PROG HOLDING O,PROG Holdings Inc,40201040.0
665,PRGO.K,PERRIGO CMPN P,Perrigo Company PLC,20103015.0
666,PRI,PRIMERICA INC,Primerica Inc,30301010.0
667,PRU,PRUDENTIAL FIN,Prudential Financial Inc,30301010.0
668,PSA,PUBLIC STORG O,Public Storage,35102050.0
669,PSB,PS BUSINESS,PS Business Parks Inc,35102000.0
670,PSX,PHILLIPS 66,Phillips 66,60101020.0
671,PTC.O,PTC INC,PTC Inc,10101015.0
672,PTON.O,PELOTON INTRTV,Peloton Interactive Inc,40501030.0
673,PVH,PVH CORP,PVH Corp,40204020.0
674,PWR,QUANTA SERVICE,Quanta Services Inc,50101015.0
675,PXD,PIONEER NAT,Pioneer Natural Resources Co,60101010.0
676,PYPL.O,PAYPAL HOLDI,PayPal Holdings Inc,50205015.0
677,PZZA.O,PAPA JOHN'S,Papa John's International Inc,40501040.0
678,QCOM.O,QUALCOMM INC,Qualcomm Inc,10102010.0
679,QDEL.O,QUIDEL CORP,Quidel Corp,20102015.0
680,QLYS.O,QUALYS INC,Qualys Inc,10101010.0
681,QRVO.O,QORVO INC ORD,Qorvo Inc,10102010.0
682,R,RYDER SYSTEM I,Ryder System Inc,50206050.0
683,RAMP.K,LIVERAMP HLD I,Liveramp Holdings Inc,10101020.0
684,RBC,REGAL BELOIT C,Regal Beloit Corp,50202010.0
685,RCL,RYL CRBN GRP O,Royal Caribbean Cruises Ltd,40501015.0
686,RCM.O,R1 RCM INC,R1 RCM Inc,20101025.0
687,RE,EVEREST RE GP,Everest Re Group Ltd,30302020.0
688,REG.O,REGENCY CENTER,Regency Centers Corp,35102045.0
689,REGN.O,REGENERON PHAR,Regeneron Pharmaceuticals Inc,20103010.0
690,REXR.K,REXFORD INL RT,Rexford Industrial Realty Inc,35102020.0
691,RF,REGIONS FINANC,Regions Financial Corp,30101010.0
692,RGA,REINSURANCE GR,Reinsurance Group of America Inc,30302020.0
693,RGEN.O,REPLIGEN CORP,Repligen Corp,20102010.0
694,RGLD.O,ROYAL GOLD,Royal Gold Inc,55103025.0
695,RH,RH,RH,40401025.0
696,RHI,ROB HALF INTL,Robert Half International Inc,50205025.0
697,RJF,RAYMOND JAMES,Raymond James Financial Inc,30202015.0
698,RL,RALPH LAUREN C,Ralph Lauren Corp,40204020.0
699,RLI,RLI CORP,Rli Corp,30302025.0
700,RMD,RESMED INC,Resmed Inc,20102010.0
701,RNR,RENAISSANCERE,Renaissancere Holdings Ltd,30302020.0
702,ROK,ROCKWELL AUTOM,Rockwell Automation Inc,50202020.0
703,ROL,ROLLINS,Rollins Inc,40201070.0
704,ROP,ROPER TECHNOLO,Roper Technologies Inc,10101015.0
705,ROST.O,ROSS STORES,Ross Stores Inc,40401020.0
706,RPM,RPM INTL INC,RPM International Inc,50203010.0
707,RS,RELIANCE STEEL,Reliance Steel & Aluminum Co,55102010.0
708,RSG,REPUBLIC SVCS,Republic Services Inc,65103035.0
709,RTX,RYTHN TCHNLG O,Raytheon Technologies Corp,50201010.0
710,RUN.O,SUNRUN INC,Sunrun Inc,65101010.0
711,RYN,RAYONIER,Rayonier Inc,35102060.0
712,SABR.O,SABRE CORPORAT,Sabre Corp,40501015.0
713,SAFM.O,SANDERSON FARM,Sanderson Farms Inc,45102010.0
714,SAIC.K,SCNC APP INT C,Science Applications International Corp,10101010.0
715,SAIL.K,SAILPOINT TECH,SailPoint Technologies Holdings Inc,10101015.0
716,SAM,BOSTON BEER,Boston Beer Company Inc,45101010.0
717,SBAC.O,SBA COMMS CORP,SBA Communications Corp,35102025.0
718,SBNY.O,SIGNATURE BANK,Signature Bank,30101010.0
719,SBRA.O,SABRA HC REIT,Sabra Health Care REIT Inc,35102010.0
720,SBUX.O,STARBUCKS CORP,Starbucks Corp,40501040.0
721,SCHW.K,CHRLS SCHWB CR,Charles Schwab Corp,30202015.0
722,SCI,SERVICE CP INT,Service Corporation International,40201020.0
723,SEDG.O,SOLAREDGE TEC,Solaredge Technologies Inc,60102020.0
724,SEE,SEALED AIR CP,Sealed Air Corp,50203030.0
725,SEIC.O,SEI INVEST CO,SEI Investments Co,30202010.0
726,SF,STIFEL FINANCI,Stifel Financial Corp,30202000.0
727,SFM.O,SPRTS FRMR MKT,Sprouts Farmers Market Inc,45201010.0
728,SGEN.O,SEAGEN INC ORD,Seagen Inc,20103010.0
729,SGMS.O,SCIENTIFIC GAM,Scientific Games Corp,40501020.0
730,SHW,SHERWIN-WILLIA,Sherwin-Williams Co,50203010.0
731,SIGI.O,SEL INS GRP,Selective Insurance Group Inc,30302025.0
732,SIRI.O,SIRIUS XM HOLD,Sirius XM Holdings Inc,40301035.0
733,SIVB.O,SVB FINANCIAL,SVB Financial Group,30101010.0
734,SIX,SIX FLAGS ENTR,Six Flags Entertainment Corp,40501030.0
735,SJM,J M SMUCKER,J M Smucker Co,45102020.0
736,SKX,SKECHERS USA,Skechers USA Inc,40204025.0
737,SLAB.O,SILICON LABS,Silicon Laboratories Inc,10102010.0
738,SLB,SCHLUMBERGER L,Schlumberger NV,60101030.0
739,SLG,SL GREEN RLTY,SL Green Realty Corp,35102030.0
740,SLGN.O,SILGAN HLDG IN,Silgan Holdings Inc,50203030.0
741,SLM.O,SLM CORPORATIO,SLM Corp,30201020.0
742,SMG,SCTTS MIRACLE-,Scotts Miracle-Gro Co,55201015.0
743,SMTC.O,SEMTECH CORP,Semtech Corp,10102010.0
744,SNA,SNAP-ON INC,Snap-On Inc,50204040.0
745,SNPS.O,SYNOPSYS,Synopsys Inc,10101015.0
746,SNV,SYNOVUS FINANC,Synovus Financial Corp,30101010.0
747,SNX,SYNNEX CORP,SYNNEX Corp,10102030.0
748,SO,SOUTHERN,Southern Co,65101015.0
749,SON,SONOCO PROD,Sonoco Products Co,50203030.0
750,SPG,SIMON PROP GRP,Simon Property Group Inc,35102045.0
751,SPGI.K,S&P GLOBAL INC,S&P Global Inc,30201030.0
752,SPLK.O,SPLUNK INC,Splunk Inc,10101015.0
753,SR,SPIRE INC,Spire Inc,65102020.0
754,SRC,SPIRIT RELTY C,Spirit Realty Capital Inc,35102045.0
755,SRCL.O,STERICYCLE INC,Stericycle Inc,65103035.0
756,SRE,SEMPRA ORD,Sempra Energy,65102000.0
757,SSD,SIMPSON MANUF,Simpson Manufacturing Co Inc,50101035.0
758,STAA.O,STAAR SURG NEW,STAAR Surgical Co,20102010.0
759,STE,STERIS PLC,Steris plc,20102010.0
760,STL,STERLING BANCP,Sterling Bancorp,30101010.0
761,STLD.O,STEEL DYNAMICS,Steel Dynamics Inc,55102010.0
762,STOR.K,STORE CAP CORP,STORE Capital Corp,35102000.0
763,STRA.O,STRATEGIC EDCT,Strategic Education Inc,40201010.0
764,STT,ST STREET CP,State Street Corp,30202010.0
765,STX.O,SGT TCHG HLD O,Seagate Technology Holdings PLC,
766,STZ,CONSTELLATION ,Constellation Brands Inc,45101015.0
767,SWK,STANLY BLK&DCK,Stanley Black & Decker Inc,
768,SWKS.O,SKYWORKS SOLUT,Skyworks Solutions Inc,10102010.0
769,SWX,SOUTHWST GS HL,Southwest Gas Holdings Inc,65102020.0
770,SXT,SENSIENT TECH,Sensient Technologies Corp,55201000.0
771,SYF,SYNCHRONY FIN,Synchrony Financial,50205015.0
772,SYK,STRYKER,Stryker Corp,20102010.0
773,SYNA.O,SYNAPTICS INC,Synaptics Inc,10102010.0
774,SYNH.O,SYNEOS HEALT O,Syneos Health Inc,20103010.0
775,SYY,SYSCO CORP,Sysco Corp,45201010.0
776,T,AT&T,AT&T Inc,15102015.0
777,TAP,MLSN COORS BEV,Molson Coors Beverage Co,45101010.0
778,TCBI.O,TEXAS CAPITAL,Texas Capital Bancshares Inc,30101010.0
779,TCOM.O,TRIP.COM GRP L,Trip.com Group Ltd,40501015.0
780,TDC,TERADATA CORP,Teradata Corp,10101010.0
781,TDG,TRANSDIGM GROU,TransDigm Group Inc,50201010.0
782,TDS,TELE & DATA SY,Telephone and Data Systems Inc,15102015.0
783,TDY,TELEDYNE TECH,Teledyne Technologies Inc,50202020.0
784,TEAM.O,ATLASSIAN CORP,Atlassian Corporation PLC,10101015.0
785,TECH.O,BIOTECHNE CORP,Bio-Techne Corp,20102015.0
786,TEL,TE CONNECTIVIT,TE Connectivity Ltd,10102015.0
787,TER.O,TERADYNE INC,Teradyne Inc,10102020.0
788,TEX,TEREX CORP,Terex Corp,50204020.0
789,TFC,TRST FINANCL O,Truist Financial Corp,30101010.0
790,TFX,TELEFLEX INC,Teleflex Inc,20102015.0
791,TGNA.K,TEGNA INC,Tegna Inc,40301035.0
792,TGT,TARGET CORP,Target Corp,40401010.0
793,THC,TENET HEALTHCR,Tenet Healthcare Corp,20101010.0
794,THG,HANOVER INS GR,Hanover Insurance Group Inc,30302025.0
795,THO,THOR INDS INC,Thor Industries Inc,40203055.0
796,THS,TREEHOUSE FOOD,TreeHouse Foods Inc,45102020.0
797,TJX,TJX CO INC,TJX Companies Inc,40401020.0
798,TKR,TIMKEN CO,Timken Co,55102015.0
799,TMHC.K,TAYLOR MORN HO,Taylor Morrison Home Corp,40202010.0
800,TMO,THERMO FISHER ,Thermo Fisher Scientific Inc,20102010.0
801,TMUS.O,T MOBILE US IN,T-Mobile US Inc,15102015.0
802,TNL,TRAVL LSR CO O,Travel + Leisure Co,40501025.0
803,TOL,TOLL BROTHERS,Toll Brothers Inc,40202010.0
804,TPH,TRI PNT HOME O,Tri Pointe Homes Inc (Delaware),40202010.0
805,TPR,TAPESTRY INC O,Tapestry Inc,40204020.0
806,TPX,TEMPUR SEALY I,Tempur Sealy International Inc,40202015.0
807,TR,TOOTSIE ROLL I,Tootsie Roll Industries Inc,45102020.0
808,TREE.O,LENDINGTREE OR,LendingTree Inc,30201020.0
809,TREX.K,TREX CMPNY,Trex Company Inc,50101035.0
810,TRGP.K,TARGA RESOURCS,Targa Resources Corp,60101035.0
811,TRIP.O,TRIPADVISOR IN,Tripadvisor Inc,40501015.0
812,TRMB.O,TRIMBLE INC,Trimble Inc,50202025.0
813,TRMK.O,TRUSTMARK CP,Trustmark Corp,30101010.0
814,TRN,TRINITY INDS I,Trinity Industries Inc,50206025.0
815,TROW.O,T ROWE PRICE G,T Rowe Price Group Inc,30202010.0
816,TRV,THE TRAVELERS ,Travelers Companies Inc,30302025.0
817,TSCO.O,TRACTOR SUPPLY,Tractor Supply Co,40401030.0
818,TSLA.O,TESLA INC,Tesla Inc,40101020.0
819,TSN,TYSON FOODS,Tyson Foods Inc,45102020.0
820,TT,TRANE TCHNLG O,Trane Technologies PLC,50101025.0
821,TTC,TORO CO,Toro Co,50204010.0
822,TTEK.O,TETRA TECH INC,Tetra Tech Inc,50101015.0
823,TTWO.O,TAKE TWO,Take-Two Interactive Software Inc,40203040.0
824,TWTR.K,TWITTER INC,Twitter Inc,10101020.0
825,TXN.O,TEXAS INSTRUME,Texas Instruments Inc,10102010.0
826,TXRH.O,TEXAS ROADHOUS,Texas Roadhouse Inc,40501040.0
827,TXT,TEXTRON INC,Textron Inc,50201010.0
828,TYL,TYLER TECHNOL,Tyler Technologies Inc,10101010.0
829,UAA,UNDER ARMOUR A,Under Armour Inc,40204020.0
830,UAL.O,UNITED AIRLNS ,United Airlines Holdings Inc,40501010.0
831,UBSI.O,UTD BANKSHARS,United Bankshares Inc,30101010.0
832,UDR,UDR INC,UDR Inc,35102040.0
833,UE,URBAN EDGE PRO,Urban Edge Properties,35102045.0
834,UGI,UGI CORP HLDS,UGI Corp,65102020.0
835,UHS,UNIV HEALTH SV,Universal Health Services Inc,20101010.0
836,ULTA.O,ULTA BEAUTY IN,Ulta Beauty Inc,40401030.0
837,UMBF.O,UMB FINL CO,UMB Financial Corp,30101010.0
838,UMPQ.O,UMPQUA HLDGS C,Umpqua Holdings Corp,30101010.0
839,UNH,UNITEDHEALTH G,UnitedHealth Group Inc,20101020.0
840,UNM,UNUM GROUP,Unum Group,30301010.0
841,UNP,UNION PACIFIC ,Union Pacific Corp,50206020.0
842,UNVR.K,UNIVAR SOLUTIO,Univar Solutions Inc,55201000.0
843,UPS,UNITED PARCEL ,United Parcel Service Inc,50206040.0
844,URBN.O,URBAN OUTFITTE,Urban Outfitters Inc,40401020.0
845,URI,UNITED RENTAL,United Rentals Inc,50206050.0
846,USB,US BANCORP,US Bancorp,30101010.0
847,UTHR.O,UTD THERAPEUT,United Therapeutics Corp,20103015.0
848,V,VISA INC,Visa Inc,50205015.0
849,VAC,MARRIOTT VACTI,Marriott Vacations Worldwide Corp,40501025.0
850,VC.O,VISTEON CORP,Visteon Corp,40101025.0
851,VFC,VF CORP,VF Corp,40204020.0
852,VIAC.O,VIACOMCBS B OR,ViacomCBS Inc,40301035.0
853,VLO,VALERO ENERGY,Valero Energy Corp,60101020.0
854,VLY.O,VALLEY NTNL BN,Valley National Bancorp,30101010.0
855,VMC,VULCAN MATRLS,Vulcan Materials Co,50101035.0
856,VMI,VALMONT INDUST,Valmont Industries Inc,50203000.0
857,VNO,VORNADO REALTY,Vornado Realty Trust,35102030.0
858,VNT,VONTIER CORP O,Vontier Corp,50205010.0
859,VRSK.O,VERISK ANLYTCS,Verisk Analytics Inc,50205020.0
860,VRSN.O,VERISIGN INC,Verisign Inc,10101010.0
861,VRTX.O,VERTEX PHARM,Vertex Pharmaceuticals Inc,20103015.0
862,VSAT.O,VIASAT INC,ViaSat Inc,15101010.0
863,VSH,VISHAY INTERTC,Vishay Intertechnology Inc,10102010.0
864,VTR,VENTAS INC,Ventas Inc,35102010.0
865,VTRS.O,VIATRIS INC OR,Viatris Inc,20103015.0
866,VVV,VALVOLINE INC,Valvoline Inc,55201020.0
867,VZ,VERIZON COMMS,Verizon Communications Inc,15102015.0
868,WAB,WABTEC,Westinghouse Air Brake Technologies Corp,50206025.0
869,WAFD.O,WASH FED INC,Washington Federal Inc,30101010.0
870,WAT,WATERS CORP,Waters Corp,50202020.0
871,WBA.O,WALGREEN BOOTS,Walgreens Boots Alliance Inc,45201015.0
872,WBS,WEBSTER FINL C,Webster Financial Corp,30101010.0
873,WDAY.O,WORKDAY INC,Workday Inc,10101015.0
874,WDC.O,WESTERN DGTL C,Western Digital Corp,10102030.0
875,WEC,WEC ENERGY GRO,WEC Energy Group Inc,65102000.0
876,WELL.K,WELLTOWER INC,Welltower Inc,35102010.0
877,WEN.O,WENDY'S CO,Wendys Co,40501040.0
878,WERN.O,WERNER ENT,Werner Enterprises Inc,50206010.0
879,WEX,WEX INC,WEX Inc,50205015.0
880,WFC,WELLS FARGO & ,Wells Fargo & Co,30101010.0
881,WH,WYNDHM HTLS RS,Wyndham Hotels & Resorts Inc,40501025.0
882,WHR,WHIRL POOL COR,Whirlpool Corp,40202020.0
883,WING.O,WINGSTOP INC,Wingstop Inc,40501040.0
884,WLTW.O,WLS TWR WTSN L,Willis Towers Watson PLC,30302015.0
885,WM,WASTE MANAGEMN,Waste Management Inc,65103035.0
886,WMB,WILLIAMS COMPS,Williams Companies Inc,60101035.0
887,WMT,WALMART INC,Walmart Inc,40401010.0
888,WOR,WORTHINGTON IN,Worthington Industries Inc,55102010.0
889,WRB,W R BERKLEY CP,W R Berkley Corp,30302025.0
890,WRI,WEINGARTEN,Weingarten Realty Investors,35102045.0
891,WRK,WESTROCK COMPA,Westrock Co,50203030.0
892,WSM,WILLIAMS SONOM,Williams-Sonoma Inc,40401030.0
893,WSO,WATSCO INC,Watsco Inc,50101035.0
894,WST,WEST PHARM SVC,West Pharmaceutical Services Inc,20102015.0
895,WTFC.O,WINTRUST FINCL,Wintrust Financial Corp,30101010.0
896,WTRG.K,ESSENTIL UTL O,Essential Utilities Inc,65102030.0
897,WU,WESTERN UNION,Western Union Co,50205015.0
898,WW.O,WW INTERNTNL I,WW International Inc,40201070.0
899,WWD.O,WOODWARD INC,Woodward Inc,50204000.0
900,WWE,WLD WRSTG ENTM,World Wrestling Entertainment Inc,40301010.0
901,WY,WEYERHAEUSER C,Weyerhaeuser Co,35102060.0
902,WYNN.O,WYNN RESORTS,Wynn Resorts Ltd,40501020.0
903,X,US STEEL CORP,United States Steel Corp,55102010.0
904,XEC,CIMAREX ENERGY,Cimarex Energy Co,60101010.0
905,XEL.O,XCEL ENERGY IN,Xcel Energy Inc,65101015.0
906,XLNX.O,XILINX INC,Xilinx Inc,10102010.0
907,XOM,EXXON MOBIL,Exxon Mobil Corp,60101000.0
908,XPO,XPO LOGISTICS,XPO Logistics Inc,50206060.0
909,XRAY.O,DENTSPLY SIRON,DENTSPLY SIRONA Inc,20102015.0
910,XRX,XEROX HOLDINGS,Xerox Holdings Corp,10102035.0
911,XYL,XYLEM INC,Xylem Inc,50202030.0
912,Y,ALLEGHANY CRP,Alleghany Corp,30302025.0
913,YELP.K,YELP INC,Yelp Inc,10101020.0
914,YETI.K,YETI HOLDNGS I,Yeti Holdings Inc,40203050.0
915,YUM,YUM! BRANDS IN,Yum! Brands Inc,40501040.0
916,ZBH,ZMMR BIOMT HLD,Zimmer Biomet Holdings Inc,20102010.0
917,ZBRA.O,ZEBRA TECH,Zebra Technologies Corp,50202020.0
918,ZION.O,ZION BNCORPRT ,Zions Bancorporation NA,30101010.0
919,ZM.O,ZOOM VIDEO COM,Zoom Video Communications Inc,10101015.0
920,ZTS,ZOETIS INC,Zoetis Inc,20103015.0
